Substrates,Allylic Substrates,Additive,Catalysts,Chirality,base,b:l,Yield_ori,ee,doi,Yield
O=CNC(OC(C)(C)C)=O,O=C(OC/C=C/COC(C1=CC=CC=C1)(C2=CC=CC=C2)C3=CC=CC=C3)OC,,CC(C1=CC=CC=C1)N(C(C)C2=CC=CC=C2)P3OC4=C(C5=C(C=CC=C6)C6=CC=C5O3)C7=CC=CC=C7C=C4,1,,88\12,98,97,10.1055/s-0028-1083158,86.24
O=CNC(OC(C)(C)C)=O,O=C(OC/C=C/COC(C1=CC=CC=C1)(C2=CC=CC=C2)C3=CC=CC=C3)OC,,CC(C1=C(OC)C=CC=C1)N(C(C)C2=CC=CC=C2OC)P3OC4=C(C5=C(C=CC=C6)C6=CC=C5O3)C7=CC=CC=C7C=C4,1,,89\11,89,97,10.1055/s-0028-1083159,79.21
O=CNC(OC(C)(C)C)=O,O=C(OC/C=C/COC(C1=CC=CC=C1)(C2=CC=CC=C2)C3=CC=CC=C3)OC,,CC(N(P1OC2=C(C3=CC=CC=C3C=C2)C4=C5C=CC=CC5=CC=C4O1)C(C6=C7C(C=CC=C7)=CC=C6)C)C8=CC=CC9=C8C=CC=C9,1,,81\19,90,96,10.1055/s-0028-1083160,72.9
[Na]N(C(OC(C)(C)C)=O)C(OC(C)(C)C)=O,O=C(OC/C=C/COC(C1=CC=CC=C1)(C2=CC=CC=C2)C3=CC=CC=C3)OC,,CC(C1=CC=CC=C1)N(C(C)C2=CC=CC=C2)P3OC4=C(C5=C(C=CC=C6)C6=CC=C5O3)C7=CC=CC=C7C=C4,1,,74\26,94,97,10.1055/s-0028-1083161,69.56
[Na]N(C(OC(C)(C)C)=O)C(OC(C)(C)C)=O,O=C(OC/C=C/COC(C1=CC=CC=C1)(C2=CC=CC=C2)C3=CC=CC=C3)OC,,CC(C1=C(OC)C=CC=C1)N(C(C)C2=CC=CC=C2OC)P3OC4=C(C5=C(C=CC=C6)C6=CC=C5O3)C7=CC=CC=C7C=C4,1,,91\9,88,98,10.1055/s-0028-1083162,80.08
[Na]N(C(OC(C)(C)C)=O)C(OC(C)(C)C)=O,O=C(OC/C=C/COC(C1=CC=CC=C1)(C2=CC=CC=C2)C3=CC=CC=C3)OC,,CC(N(P1OC2=C(C3=CC=CC=C3C=C2)C4=C5C=CC=CC5=CC=C4O1)C(C6=C7C(C=CC=C7)=CC=C6)C)C8=CC=CC9=C8C=CC=C9,1,,82\18,79,97,10.1055/s-0028-1083163,64.78
CC(C)(C)OC(NC(OC(C)(C)C)=O)=O,O=C(OC/C=C/COC(C1=CC=CC=C1)(C2=CC=CC=C2)C3=CC=CC=C3)OC,,CC(C1=CC=CC=C1)N(C(C)C2=CC=CC=C2)P3OC4=C(C5=C(C=CC=C6)C6=CC=C5O3)C7=CC=CC=C7C=C4,1,,85\15,85,95,10.1055/s-0028-1083164,72.25
CC(C)(C)OC(NC(OC(C)(C)C)=O)=O,O=C(OC/C=C/COC(C1=CC=CC=C1)(C2=CC=CC=C2)C3=CC=CC=C3)OC,,CC(C1=C(OC)C=CC=C1)N(C(C)C2=CC=CC=C2OC)P3OC4=C(C5=C(C=CC=C6)C6=CC=C5O3)C7=CC=CC=C7C=C4,1,,92\8,85,98,10.1055/s-0028-1083165,78.2
CC(C)(C)OC(NC(OC(C)(C)C)=O)=O,O=C(OC/C=C/COC(C1=CC=CC=C1)(C2=CC=CC=C2)C3=CC=CC=C3)OC,,CC(N(P1OC2=C(C3=CC=CC=C3C=C2)C4=C5C=CC=CC5=CC=C4O1)C(C6=C7C(C=CC=C7)=CC=C6)C)C8=CC=CC9=C8C=CC=C9,1,,83\17,77,98,10.1055/s-0028-1083166,63.91
O=C1NC(C2=CC=CC=C21)=O,O=C(OC/C=C/COC(C1=CC=CC=C1)(C2=CC=CC=C2)C3=CC=CC=C3)OC,,CC(C1=CC=CC=C1)N(C(C)C2=CC=CC=C2)P3OC4=C(C5=C(C=CC=C6)C6=CC=C5O3)C7=CC=CC=C7C=C4,1,,79\21,55,96,10.1055/s-0028-1083167,43.45
O=C1NC(C2=CC=CC=C21)=O,O=C(OC/C=C/COC(C1=CC=CC=C1)(C2=CC=CC=C2)C3=CC=CC=C3)OC,,CC(C1=C(OC)C=CC=C1)N(C(C)C2=CC=CC=C2OC)P3OC4=C(C5=C(C=CC=C6)C6=CC=C5O3)C7=CC=CC=C7C=C4,1,,79\21,58,98,10.1055/s-0028-1083168,45.82
O=C1NC(C2=CC=CC=C21)=O,O=C(OC/C=C/COC(C1=CC=CC=C1)(C2=CC=CC=C2)C3=CC=CC=C3)OC,,CC(N(P1OC2=C(C3=CC=CC=C3C=C2)C4=C5C=CC=CC5=CC=C4O1)C(C6=C7C(C=CC=C7)=CC=C6)C)C8=CC=CC9=C8C=CC=C9,1,,55\45,91,93,10.1055/s-0028-1083169,50.05
O=CNC(OC(C)(C)C)=O,OC/C=C/COC(OC)=O,,CC(C1=CC=CC=C1)N(C(C)C2=CC=CC=C2)P3OC4=C(C5=C(C=CC=C6)C6=CC=C5O3)C7=CC=CC=C7C=C4,1,,,42,81,10.1055/s-0028-1083170,42
O=CNC(OC(C)(C)C)=O,OC/C=C/COC(OC)=O,,CC(C1=C(OC)C=CC=C1)N(C(C)C2=CC=CC=C2OC)P3OC4=C(C5=C(C=CC=C6)C6=CC=C5O3)C7=CC=CC=C7C=C4,1,,,73,93,10.1055/s-0028-1083171,73
O=CNC(OC(C)(C)C)=O,OC/C=C/COC(OC)=O,,CC(N(P1OC2=C(C3=CC=CC=C3C=C2)C4=C5C=CC=CC5=CC=C4O1)C(C6=C7C(C=CC=C7)=CC=C6)C)C8=CC=CC9=C8C=CC=C9,1,,,65,95,10.1055/s-0028-1083172,65
[Na]N(C(OC(C)(C)C)=O)C(OC(C)(C)C)=O,OC/C=C/COC(OC)=O,,CC(C1=CC=CC=C1)N(C(C)C2=CC=CC=C2)P3OC4=C(C5=C(C=CC=C6)C6=CC=C5O3)C7=CC=CC=C7C=C4,1,,,18,80,10.1055/s-0028-1083173,18
[Na]N(C(OC(C)(C)C)=O)C(OC(C)(C)C)=O,OC/C=C/COC(OC)=O,,CC(C1=C(OC)C=CC=C1)N(C(C)C2=CC=CC=C2OC)P3OC4=C(C5=C(C=CC=C6)C6=CC=C5O3)C7=CC=CC=C7C=C4,1,,,75,89,10.1055/s-0028-1083174,75
[Na]N(C(OC(C)(C)C)=O)C(OC(C)(C)C)=O,OC/C=C/COC(OC)=O,,CC(N(P1OC2=C(C3=CC=CC=C3C=C2)C4=C5C=CC=CC5=CC=C4O1)C(C6=C7C(C=CC=C7)=CC=C6)C)C8=CC=CC9=C8C=CC=C9,1,,,68,93,10.1055/s-0028-1083175,68
O=C1NC(C2=CC=CC=C21)=O,OC/C=C/COC(OC)=O,,CC(C1=CC=CC=C1)N(C(C)C2=CC=CC=C2)P3OC4=C(C5=C(C=CC=C6)C6=CC=C5O3)C7=CC=CC=C7C=C4,1,,,60,83,10.1055/s-0028-1083176,60
O=C1NC(C2=CC=CC=C21)=O,OC/C=C/COC(OC)=O,,CC(C1=C(OC)C=CC=C1)N(C(C)C2=CC=CC=C2OC)P3OC4=C(C5=C(C=CC=C6)C6=CC=C5O3)C7=CC=CC=C7C=C4,1,,,95,87,10.1055/s-0028-1083177,95
O=C1NC(C2=CC=CC=C21)=O,OC/C=C/COC(OC)=O,,CC(N(P1OC2=C(C3=CC=CC=C3C=C2)C4=C5C=CC=CC5=CC=C4O1)C(C6=C7C(C=CC=C7)=CC=C6)C)C8=CC=CC9=C8C=CC=C9,1,,,70,92,10.1055/s-0028-1083178,70
O=CNC(OC(C)(C)C)=O,O=C(OC/C=C/CCOC(C1=CC=CC=C1)(C2=CC=CC=C2)C3=CC=CC=C3)OC,,CC(C1=CC=CC=C1)N(C(C)C2=CC=CC=C2)P3OC4=C(C5=C(C=CC=C6)C6=CC=C5O3)C7=CC=CC=C7C=C4,1,,,93,91,10.1055/s-0028-1083179,93
O=CNC(OC(C)(C)C)=O,O=C(OC/C=C/CCOC(C1=CC=CC=C1)(C2=CC=CC=C2)C3=CC=CC=C3)OC,,CC(C1=C(OC)C=CC=C1)N(C(C)C2=CC=CC=C2OC)P3OC4=C(C5=C(C=CC=C6)C6=CC=C5O3)C7=CC=CC=C7C=C4,1,,,94,92,10.1055/s-0028-1083180,94
O=CNC(OC(C)(C)C)=O,O=C(OC/C=C/CCOC(C1=CC=CC=C1)(C2=CC=CC=C2)C3=CC=CC=C3)OC,,CC(N(P1OC2=C(C3=CC=CC=C3C=C2)C4=C5C=CC=CC5=CC=C4O1)C(C6=C7C(C=CC=C7)=CC=C6)C)C8=CC=CC9=C8C=CC=C9,1,,,90,89,10.1055/s-0028-1083181,90
CC(C)(C)OC(NC(OC(C)(C)C)=O)=O,O=C(OC/C=C/CCOC(C1=CC=CC=C1)(C2=CC=CC=C2)C3=CC=CC=C3)OC,,CC(C1=CC=CC=C1)N(C(C)C2=CC=CC=C2)P3OC4=C(C5=C(C=CC=C6)C6=CC=C5O3)C7=CC=CC=C7C=C4,1,,,92,95,10.1055/s-0028-1083182,92
CC(C)(C)OC(NC(OC(C)(C)C)=O)=O,O=C(OC/C=C/CCOC(C1=CC=CC=C1)(C2=CC=CC=C2)C3=CC=CC=C3)OC,,CC(C1=C(OC)C=CC=C1)N(C(C)C2=CC=CC=C2OC)P3OC4=C(C5=C(C=CC=C6)C6=CC=C5O3)C7=CC=CC=C7C=C4,1,,,93,97,10.1055/s-0028-1083183,93
CC(C)(C)OC(NC(OC(C)(C)C)=O)=O,O=C(OC/C=C/CCOC(C1=CC=CC=C1)(C2=CC=CC=C2)C3=CC=CC=C3)OC,,CC(N(P1OC2=C(C3=CC=CC=C3C=C2)C4=C5C=CC=CC5=CC=C4O1)C(C6=C7C(C=CC=C7)=CC=C6)C)C8=CC=CC9=C8C=CC=C9,1,,,79,98,10.1055/s-0028-1083184,79
O=C1NC(C2=CC=CC=C21)=O,O=C(OC/C=C/CCOC(C1=CC=CC=C1)(C2=CC=CC=C2)C3=CC=CC=C3)OC,,CC(C1=CC=CC=C1)N(C(C)C2=CC=CC=C2)P3OC4=C(C5=C(C=CC=C6)C6=CC=C5O3)C7=CC=CC=C7C=C4,1,,,88,91,10.1055/s-0028-1083185,88
O=C1NC(C2=CC=CC=C21)=O,O=C(OC/C=C/CCOC(C1=CC=CC=C1)(C2=CC=CC=C2)C3=CC=CC=C3)OC,,CC(C1=C(OC)C=CC=C1)N(C(C)C2=CC=CC=C2OC)P3OC4=C(C5=C(C=CC=C6)C6=CC=C5O3)C7=CC=CC=C7C=C4,1,,,90,93,10.1055/s-0028-1083186,90
O=C1NC(C2=CC=CC=C21)=O,O=C(OC/C=C/CCOC(C1=CC=CC=C1)(C2=CC=CC=C2)C3=CC=CC=C3)OC,,CC(N(P1OC2=C(C3=CC=CC=C3C=C2)C4=C5C=CC=CC5=CC=C4O1)C(C6=C7C(C=CC=C7)=CC=C6)C)C8=CC=CC9=C8C=CC=C9,1,,,80,88,10.1055/s-0028-1083187,80
[Na]N(C(OC(C)(C)C)=O)C(OC(C)(C)C)=O,O=C(OC/C=C/CCC(OC)=O)OC,,CC(C1=CC=CC=C1)N(C(C)C2=CC=CC=C2)P3OC4=C(C5=C(C=CC=C6)C6=CC=C5O3)C7=CC=CC=C7C=C4,1,,,73,91,10.1055/s-0028-1083188,73
[Na]N(C(OC(C)(C)C)=O)C(OC(C)(C)C)=O,O=C(OC/C=C/CCC(OC)=O)OC,,CC(C1=C(OC)C=CC=C1)N(C(C)C2=CC=CC=C2OC)P3OC4=C(C5=C(C=CC=C6)C6=CC=C5O3)C7=CC=CC=C7C=C4,1,,,72,95,10.1055/s-0028-1083189,72
[Na]N(C(OC(C)(C)C)=O)C(OC(C)(C)C)=O,O=C(OC/C=C/CCC(OC)=O)OC,,CC(N(P1OC2=C(C3=CC=CC=C3C=C2)C4=C5C=CC=CC5=CC=C4O1)C(C6=C7C(C=CC=C7)=CC=C6)C)C8=CC=CC9=C8C=CC=C9,1,,,70,96,10.1055/s-0028-1083190,70
CC(C)(C)OC(NC(OC(C)(C)C)=O)=O,O=C(OC/C=C/CCC(OC)=O)OC,,CC(C1=C(OC)C=CC=C1)N(C(C)C2=CC=CC=C2OC)P3OC4=C(C5=C(C=CC=C6)C6=CC=C5O3)C7=CC=CC=C7C=C4,1,,,85,98,10.1055/s-0028-1083191,85
CC(C)(C)OC(NC(OC(C)(C)C)=O)=O,O=C(OC/C=C/CCC(OC)=O)OC,,CC(N(P1OC2=C(C3=CC=CC=C3C=C2)C4=C5C=CC=CC5=CC=C4O1)C(C6=C7C(C=CC=C7)=CC=C6)C)C8=CC=CC9=C8C=CC=C9,1,,,69,97,10.1055/s-0028-1083192,69
[Na]N(C(OC(C)(C)C)=O)C(OC(C)(C)C)=O,O=C(OC)OC/C=C/C=C/COC(C1=CC=CC=C1)(C2=CC=CC=C2)C3=CC=CC=C3,,CC(C1=C(OC)C=CC=C1)N(C(C)C2=CC=CC=C2OC)P3OC4=C(C5=C(C=CC=C6)C6=CC=C5O3)C7=CC=CC=C7C=C4,1,,,99,99,10.1055/s-0028-1083193,99
O=C1NC(C2=CC=CC=C21)=O,O=C(OC)OC/C=C/C=C/COC(C1=CC=CC=C1)(C2=CC=CC=C2)C3=CC=CC=C3,,CC(C1=C(OC)C=CC=C1)N(C(C)C2=CC=CC=C2OC)P3OC4=C(C5=C(C=CC=C6)C6=CC=C5O3)C7=CC=CC=C7C=C4,1,,,90,99,10.1055/s-0028-1083194,90
O=C1NC(C2=CC=CC=C21)=O,O=C(OC)OC/C=C/C=C/COC(C1=CC=CC=C1)(C2=CC=CC=C2)C3=CC=CC=C3,,CC(C1=CC=CC=C1)N(C(C)C2=CC=CC=C2)P3OC4=C(C5=C(C=CC=C6)C6=CC=C5O3)C7=CC=CC=C7C=C4,1,,,82,94,10.1055/s-0028-1083195,82
CC(=O)NC(=O)OC(C)(C)C,CCC/C=C/COC(=O)OCC,,CC(C1=C(OC)C=CC=C1)N(C(C)C2=CC=CC=C2OC)P3OC4=C(C5=C(C=CC=C6)C6=CC=C5O3)C7=CC=CC=C7C=C4,1,,,95,96,10.1016/j.tetlet.2007.08.009,95
CC(=O)NC(=O)OC(C)(C)C,CCOC(=O)OC/C=C/c1ccccc1,,CC(C1=C(OC)C=CC=C1)N(C(C)C2=CC=CC=C2OC)P3OC4=C(C5=C(C=CC=C6)C6=CC=C5O3)C7=CC=CC=C7C=C4,1,,,94,99,10.1016/j.tetlet.2007.08.009,94
CC(C)(C)OC(=O)NC(=O)OC(C)(C)C,CCC/C=C/COC(=O)OCC,,CC(C1=C(OC)C=CC=C1)N(C(C)C2=CC=CC=C2OC)P3OC4=C(C5=C(C=CC=C6)C6=CC=C5O3)C7=CC=CC=C7C=C4,1,,,93,96,10.1016/j.tetlet.2007.08.009,93
CC(C)(C)OC(=O)NC(=O)OC(C)(C)C,CCOC(=O)OC/C=C/c1ccccc1,,CC(C1=C(OC)C=CC=C1)N(C(C)C2=CC=CC=C2OC)P3OC4=C(C5=C(C=CC=C6)C6=CC=C5O3)C7=CC=CC=C7C=C4,1,,,90,99,10.1016/j.tetlet.2007.08.009,90
CC(C)(C)OC(=O)NC(=O)OCc1ccccc1,CCC/C=C/COC(=O)OCC,,CC(C1=C(OC)C=CC=C1)N(C(C)C2=CC=CC=C2OC)P3OC4=C(C5=C(C=CC=C6)C6=CC=C5O3)C7=CC=CC=C7C=C4,1,,,94,96,10.1016/j.tetlet.2007.08.009,94
CC(C)(C)OC(=O)NC(=O)OCc1ccccc1,CCOC(=O)OC/C=C/c1ccccc1,,CC(C1=C(OC)C=CC=C1)N(C(C)C2=CC=CC=C2OC)P3OC4=C(C5=C(C=CC=C6)C6=CC=C5O3)C7=CC=CC=C7C=C4,1,,,92,99,10.1016/j.tetlet.2007.08.009,92
O=C(NC(=O)OCc1ccccc1)OCc1ccccc1,CCC/C=C/COC(=O)OCC,,CC(C1=C(OC)C=CC=C1)N(C(C)C2=CC=CC=C2OC)P3OC4=C(C5=C(C=CC=C6)C6=CC=C5O3)C7=CC=CC=C7C=C4,1,,,90,96,10.1016/j.tetlet.2007.08.009,90
CC(=O)NC(=O)OC(C)(C)C,CCC/C=C/COC(=O)OCC,,CC(C1=C(OC)C=CC=C1)N(C(C)C2=CC=CC=C2OC)P3OC4=C(C5=C(C=CC=C6)C6=CC=C5O3)C7=CC=CC=C7C=C4,1,"K2CO3,MeOH",,95,97,10.1016/j.tetlet.2007.08.009,95
CC(=O)NC(=O)OC(C)(C)C,CCOC(=O)OC/C=C/C(C)C,,CC(C1=C(OC)C=CC=C1)N(C(C)C2=CC=CC=C2OC)P3OC4=C(C5=C(C=CC=C6)C6=CC=C5O3)C7=CC=CC=C7C=C4,1,"K2CO3,MeOH",,85,99,10.1016/j.tetlet.2007.08.009,85
CC(=O)NC(=O)OC(C)(C)C,C/C=C/C=C/COC(=O)OCC,,CC(C1=C(OC)C=CC=C1)N(C(C)C2=CC=CC=C2OC)P3OC4=C(C5=C(C=CC=C6)C6=CC=C5O3)C7=CC=CC=C7C=C4,1,"K2CO3,MeOH",,92,96,10.1016/j.tetlet.2007.08.009,92
CC(=O)NC(=O)OC(C)(C)C,CCOC(=O)OC/C=C/CCCO[Si](c1ccccc1)(c1ccccc1)C(C)(C)C,,CC(C1=C(OC)C=CC=C1)N(C(C)C2=CC=CC=C2OC)P3OC4=C(C5=C(C=CC=C6)C6=CC=C5O3)C7=CC=CC=C7C=C4,1,"K2CO3,MeOH",,94,99,10.1016/j.tetlet.2007.08.009,94
CC(=O)NC(=O)OC(C)(C)C,CCOC(=O)OC/C=C/c1ccccc1,,CC(C1=C(OC)C=CC=C1)N(C(C)C2=CC=CC=C2OC)P3OC4=C(C5=C(C=CC=C6)C6=CC=C5O3)C7=CC=CC=C7C=C4,1,"K2CO3,MeOH",,94,99,10.1016/j.tetlet.2007.08.009,94
CC(=O)NC(=O)OC(C)(C)C,CCOC(=O)OC/C=C/c1ccc(OC)cc1,,CC(C1=C(OC)C=CC=C1)N(C(C)C2=CC=CC=C2OC)P3OC4=C(C5=C(C=CC=C6)C6=CC=C5O3)C7=CC=CC=C7C=C4,1,"K2CO3,MeOH",,92,99,10.1016/j.tetlet.2007.08.009,92
CC(=O)NC(=O)OC(C)(C)C,CCOC(=O)OC/C=C/c1ccco1,,CC(C1=C(OC)C=CC=C1)N(C(C)C2=CC=CC=C2OC)P3OC4=C(C5=C(C=CC=C6)C6=CC=C5O3)C7=CC=CC=C7C=C4,1,"K2CO3,MeOH",,85,98.5,10.1016/j.tetlet.2007.08.009,85
CC(=O)NC(=O)OC(C)(C)C,CCOC(=O)OC/C=C/c1cccs1,,CC(C1=C(OC)C=CC=C1)N(C(C)C2=CC=CC=C2OC)P3OC4=C(C5=C(C=CC=C6)C6=CC=C5O3)C7=CC=CC=C7C=C4,1,"K2CO3,MeOH",,80,,10.1016/j.tetlet.2007.08.009,80
CC#CCNS(=O)(=O)c1ccc(C)cc1,COC(=O)OC/C=C/c1ccccc1,,CC(C1=C(OC)C=CC=C1)N(C(C)C2=CC=CC=C2OC)P3OC4=C(C5=C(C=CC=C6)C6=CC=C5O3)C7=CC=CC=C7C=C4,1,DABCO,,93,99,10.1002/chem.201000467,93
Cc1ccc(S(=O)(=O)NCC#C[Si](C)(C)C)cc1,COC(=O)OC/C=C/c1ccccc1,,CC(C1=C(OC)C=CC=C1)N(C(C)C2=CC=CC=C2OC)P3OC4=C(C5=C(C=CC=C6)C6=CC=C5O3)C7=CC=CC=C7C=C4,1,DABCO,Oct-90,83,99,10.1002/chem.201000467,74.7
CCCCC#CCNS(=O)(=O)c1ccc(C)cc1,COC(=O)OC/C=C/c1ccccc1,,CC(C1=C(OC)C=CC=C1)N(C(C)C2=CC=CC=C2OC)P3OC4=C(C5=C(C=CC=C6)C6=CC=C5O3)C7=CC=CC=C7C=C4,1,DABCO,,84,97,10.1002/chem.201000467,84
Cc1ccc(S(=O)(=O)NCC#Cc2ccccc2)cc1,COC(=O)OC/C=C/c1ccccc1,,CC(C1=C(OC)C=CC=C1)N(C(C)C2=CC=CC=C2OC)P3OC4=C(C5=C(C=CC=C6)C6=CC=C5O3)C7=CC=CC=C7C=C4,1,DABCO,,89,99,10.1002/chem.201000467,89
CC#CCNS(=O)(=O)c1ccc(C)cc1,COC(=O)OC/C=C/c1ccc(C)cc1,,CC(C1=C(OC)C=CC=C1)N(C(C)C2=CC=CC=C2OC)P3OC4=C(C5=C(C=CC=C6)C6=CC=C5O3)C7=CC=CC=C7C=C4,1,DABCO,,76,99,10.1002/chem.201000467,76
CC#CCNS(=O)(=O)c1ccc(C)cc1,COC(=O)OC/C=C/c1ccc(OC)cc1,,CC(C1=C(OC)C=CC=C1)N(C(C)C2=CC=CC=C2OC)P3OC4=C(C5=C(C=CC=C6)C6=CC=C5O3)C7=CC=CC=C7C=C4,1,DABCO,,93,99,10.1002/chem.201000467,93
CC#CCNS(=O)(=O)c1ccc(C)cc1,COC(=O)OC/C=C/c1ccc(Br)cc1,,CC(C1=C(OC)C=CC=C1)N(C(C)C2=CC=CC=C2OC)P3OC4=C(C5=C(C=CC=C6)C6=CC=C5O3)C7=CC=CC=C7C=C4,1,DABCO,,95,99,10.1002/chem.201000467,95
CC#CCNS(=O)(=O)c1ccc(C)cc1,COC(=O)OC/C=C/c1ccc(C(F)(F)F)cc1,,CC(C1=C(OC)C=CC=C1)N(C(C)C2=CC=CC=C2OC)P3OC4=C(C5=C(C=CC=C6)C6=CC=C5O3)C7=CC=CC=C7C=C4,1,DABCO,,82,99,10.1002/chem.201000467,82
CC#CCNS(=O)(=O)c1ccc(C)cc1,COC(=O)OC/C=C/c1cccc(OC)c1,,CC(C1=C(OC)C=CC=C1)N(C(C)C2=CC=CC=C2OC)P3OC4=C(C5=C(C=CC=C6)C6=CC=C5O3)C7=CC=CC=C7C=C4,1,DABCO,,85,99,10.1002/chem.201000467,85
CC#CCNS(=O)(=O)c1ccc(C)cc1,COC(=O)OC/C=C/c1cccc(Cl)c1,,CC(C1=C(OC)C=CC=C1)N(C(C)C2=CC=CC=C2OC)P3OC4=C(C5=C(C=CC=C6)C6=CC=C5O3)C7=CC=CC=C7C=C4,1,DABCO,,86,99,10.1002/chem.201000467,86
CC#CCNS(=O)(=O)c1ccc(C)cc1,COC(=O)OC/C=C/c1cccs1,,CC(C1=C(OC)C=CC=C1)N(C(C)C2=CC=CC=C2OC)P3OC4=C(C5=C(C=CC=C6)C6=CC=C5O3)C7=CC=CC=C7C=C4,1,DABCO,,83,99,10.1002/chem.201000467,83
CC#CCNS(=O)(=O)c1ccc(C)cc1,C/C=C/COC(=O)OC,,CC(C1=C(OC)C=CC=C1)N(C(C)C2=CC=CC=C2OC)P3OC4=C(C5=C(C=CC=C6)C6=CC=C5O3)C7=CC=CC=C7C=C4,1,DABCO,Oct-90,70,92,10.1002/chem.201000467,63
Cc1ccc(S(=O)(=O)NCC#C[Si](C)(C)C)cc1,COC(=O)OC/C=C/c1ccc(C)cc1,,CC(C1=C(OC)C=CC=C1)N(C(C)C2=CC=CC=C2OC)P3OC4=C(C5=C(C=CC=C6)C6=CC=C5O3)C7=CC=CC=C7C=C4,1,DABCO,,76,99,10.1002/chem.201000467,76
Cc1ccc(S(=O)(=O)NCC#C[Si](C)(C)C)cc1,COC(=O)OC/C=C/c1ccc(OC)cc1,,CC(C1=C(OC)C=CC=C1)N(C(C)C2=CC=CC=C2OC)P3OC4=C(C5=C(C=CC=C6)C6=CC=C5O3)C7=CC=CC=C7C=C4,1,DABCO,,92,99,10.1002/chem.201000467,92
Cc1ccc(S(=O)(=O)NCC#C[Si](C)(C)C)cc1,COC(=O)OC/C=C/c1ccc(Br)cc1,,CC(C1=C(OC)C=CC=C1)N(C(C)C2=CC=CC=C2OC)P3OC4=C(C5=C(C=CC=C6)C6=CC=C5O3)C7=CC=CC=C7C=C4,1,DABCO,Oct-90,84,98,10.1002/chem.201000467,75.6
Cc1ccc(S(=O)(=O)NCC#C[Si](C)(C)C)cc1,COC(=O)OC/C=C/c1cccc(OC)c1,,CC(C1=C(OC)C=CC=C1)N(C(C)C2=CC=CC=C2OC)P3OC4=C(C5=C(C=CC=C6)C6=CC=C5O3)C7=CC=CC=C7C=C4,1,DABCO,Sep-91,77,98,10.1002/chem.201000467,70.07
Cc1ccc(S(=O)(=O)NCC#C[Si](C)(C)C)cc1,COC(=O)OC/C=C/c1cccc(Cl)c1,,CC(C1=C(OC)C=CC=C1)N(C(C)C2=CC=CC=C2OC)P3OC4=C(C5=C(C=CC=C6)C6=CC=C5O3)C7=CC=CC=C7C=C4,1,DABCO,Dec-88,81,98,10.1002/chem.201000467,71.28
Cc1ccc(S(=O)(=O)NCC#C[Si](C)(C)C)cc1,COC(=O)OC/C=C/c1cccs1,,CC(C1=C(OC)C=CC=C1)N(C(C)C2=CC=CC=C2OC)P3OC4=C(C5=C(C=CC=C6)C6=CC=C5O3)C7=CC=CC=C7C=C4,1,DABCO,,81,99,10.1002/chem.201000467,81
Cc1ccc(S(=O)(=O)NCC#C[Si](C)(C)C)cc1,C/C=C/COC(=O)OC,,CC(C1=C(OC)C=CC=C1)N(C(C)C2=CC=CC=C2OC)P3OC4=C(C5=C(C=CC=C6)C6=CC=C5O3)C7=CC=CC=C7C=C4,1,DABCO,Oct-90,82,92,10.1002/chem.201000467,73.8
C[Si](ONC(OC(C)(C)C)=O)(C)C(C)(C)C,O=C(OC/C=C/C1=CC=CC=C1)OC,,CC(C1=C(OC)C=CC=C1)N(C(C)C2=CC=CC=C2OC)P3OC4=C(C5=C(C=CC=C6)C6=CC=C5O3)C7=CC=CC=C7C=C4,1,C12=NCCCN1CCCN2,,82,99,10.1021/ol200688d,82
C[Si](ONC(OC(C)(C)C)=O)(C)C(C)(C)C,CCCC/C=C/COC(OC)=O,,CC(C1=C(OC)C=CC=C1)N(C(C)C2=CC=CC=C2OC)P3OC4=C(C5=C(C=CC=C6)C6=CC=C5O3)C7=CC=CC=C7C=C4,1,C12=NCCCN1CCCN2,,89,99,10.1021/ol200688d,89
C[Si](ONC(OC(C)(C)C)=O)(C)C(C)(C)C,O=C(OC/C=C/COC(C1=CC=CC=C1)(C2=CC=CC=C2)C3=CC=CC=C3)OC,,CC(C1=C(OC)C=CC=C1)N(C(C)C2=CC=CC=C2OC)P3OC4=C(C5=C(C=CC=C6)C6=CC=C5O3)C7=CC=CC=C7C=C4,1,C12=NCCCN1CCCN2,,71,96,10.1021/ol200689d,71
CONC(OC(C)(C)C)=O,O=C(OC/C=C/C1=CC=CC=C1)OC,,CC(C1=C(OC)C=CC=C1)N(C(C)C2=CC=CC=C2OC)P3OC4=C(C5=C(C=CC=C6)C6=CC=C5O3)C7=CC=CC=C7C=C4,1,C12=NCCCN1CCCN2,,56,94,10.1021/ol200690d,56
CONC(OC(C)(C)C)=O,O=C(OC/C=C/C1=CC=CC=C1)OC,,CC(C1=C(OC)C=CC=C1)N(C(C)C2=CC=CC=C2OC)P3OC4=C(C5=C(C=CC=C6)C6=CC=C5O3)C7=CC=CC=C7C=C4,1,N12CCCN=C1CCCCC2,,75,98,10.1021/ol200691d,75
CONC(OC(C)(C)C)=O,C/C=C/COC(OC)=O,,CC(C1=C(OC)C=CC=C1)N(C(C)C2=CC=CC=C2OC)P3OC4=C(C5=C(C=CC=C6)C6=CC=C5O3)C7=CC=CC=C7C=C4,1,C12=NCCCN1CCCN2,,75,98,10.1021/ol200692d,75
CONC(OC(C)(C)C)=O,CCCC/C=C/COC(OC)=O,,CC(C1=C(OC)C=CC=C1)N(C(C)C2=CC=CC=C2OC)P3OC4=C(C5=C(C=CC=C6)C6=CC=C5O3)C7=CC=CC=C7C=C4,1,C12=NCCCN1CCCN2,,67,98,10.1021/ol200693d,67
CONC(OC(C)(C)C)=O,O=C(OC/C=C/COC(C1=CC=CC=C1)(C2=CC=CC=C2)C3=CC=CC=C3)OC,,CC(C1=C(OC)C=CC=C1)N(C(C)C2=CC=CC=C2OC)P3OC4=C(C5=C(C=CC=C6)C6=CC=C5O3)C7=CC=CC=C7C=C4,1,C12=NCCCN1CCCN2,,71,97,10.1021/ol200694d,71
CONC(OC(C)(C)C)=O,O=C(OC/C=C/COC(C1=CC=CC=C1)(C2=CC=CC=C2)C3=CC=CC=C3)OC,,CC(C1=C(OC)C=CC=C1)N(C(C)C2=CC=CC=C2OC)P3OC4=C(C5=C(C=CC=C6)C6=CC=C5O3)C7=CC=CC=C7C=C4,1,N12CCCN=C1CCCCC2,,79,98,10.1021/ol200695d,79
CONC(OC(C)(C)C)=O,O=C(OC/C=C/COCC1=CC=CC=C1)OC,,CC(C1=C(OC)C=CC=C1)N(C(C)C2=CC=CC=C2OC)P3OC4=C(C5=C(C=CC=C6)C6=CC=C5O3)C7=CC=CC=C7C=C4,1,N12CCCN=C1CCCCC2,,51,91,10.1021/ol200696d,51
O=S(NCC1=CC=CC=C1)(C2=CC=C(C)C=C2)=O,O=C(OC/C=C/C1=CC=CC=C1)OC,,CC(C1=C(OC)C=CC=C1)N(C(C)C2=CC=CC=C2OC)P3OC4=C(C5=C(C=CC=C6)C6=CC=C5O3)C7=CC=CC=C7C=C4,1,C[Si](C)(C)N([Li])[Si](C)(C)C,,91,98,10.1039/b505197e,91
O=S(NCC1=CC=CC=C1)(C2=CC=C(C)C=C2)=O,O=C(OC/C=C/CCC1=CC=CC=C1)OC,,CC(C1=C(OC)C=CC=C1)N(C(C)C2=CC=CC=C2OC)P3OC4=C(C5=C(C=CC=C6)C6=CC=C5O3)C7=CC=CC=C7C=C4,1,C[Si](C)(C)N([Li])[Si](C)(C)C,,48,95,10.1039/b505197e,48
O=S(NCC1=CC=CC=C1)(C2=CC=CC=C2[N+]([O-])=O)=O,O=C(OC/C=C/C1=CC=CC=C1)OC,,CC(C1=CC=CC=C1)N(C(C)C2=CC=CC=C2)P3OC4=C(C5=C(C=CC=C6)C6=CC=C5O3)C7=CC=CC=C7C=C4,1,CCN(CC)CC,,33,91,10.1039/b505198e,33
O=S(NCC1=CC=CC=C1)(C2=CC=CC=C2[N+]([O-])=O)=O,O=C(OC/C=C/C1=CC=CC=C1)OC,,CC(C1=C(OC)C=CC=C1)N(C(C)C2=CC=CC=C2OC)P3OC4=C(C5=C(C=CC=C6)C6=CC=C5O3)C7=CC=CC=C7C=C4,1,CCN(CC)CC,,0,,10.1039/b505199e,0
O=S(NCC1=CC=CC=C1)(C2=CC=CC=C2[N+]([O-])=O)=O,O=C(OC/C=C/C1=CC=CC=C1)OC,,CC(N(P1OC2=C(C3=CC=CC=C3C=C2)C4=C5C=CC=CC5=CC=C4O1)C(C6=C7C(C=CC=C7)=CC=C6)C)C8=CC=CC9=C8C=CC=C9,1,CCN(CC)CC,,0,,10.1039/b505200e,0
O=S(NCC1=CC=CC=C1)(C2=CC=CC=C2[N+]([O-])=O)=O,O=C(OC/C=C/CCC1=CC=CC=C1)OC,,CC(C1=C(OC)C=CC=C1)N(C(C)C2=CC=CC=C2OC)P3OC4=C(C5=C(C=CC=C6)C6=CC=C5O3)C7=CC=CC=C7C=C4,1,CCN(CC)CC,,60,97,10.1039/b505201e,60
O=S(NCC1=CC=CC=C1)(C2=CC=C([N+]([O-])=O)C=C2)=O,O=C(OC/C=C/C1=CC=CC=C1)OC,,CC(C1=C(OC)C=CC=C1)N(C(C)C2=CC=CC=C2OC)P3OC4=C(C5=C(C=CC=C6)C6=CC=C5O3)C7=CC=CC=C7C=C4,1,,,83,96,10.1039/b505202e,83
O=S(NCC1=CC=CC=C1)(C2=CC=C([N+]([O-])=O)C=C2)=O,O=C(OC/C=C/C=C/C1=CC=CC=C1)OC,,CC(C1=C(OC)C=CC=C1)N(C(C)C2=CC=CC=C2OC)P3OC4=C(C5=C(C=CC=C6)C6=CC=C5O3)C7=CC=CC=C7C=C4,1,CCN(CC)CC,,40,93,10.1039/b505203e,40
O=S(NCC1=CC=CC=C1)(C2=CC=C([N+]([O-])=O)C=C2)=O,O=C(OC/C=C/C=C/C1=CC=CC=C1)OC,,CC(C1=C(OC)C=CC=C1)N(C(C)C2=CC=CC=C2OC)P3OC4=C(C5=C(C=CC=C6)C6=CC=C5O3)C7=CC=CC=C7C=C4,1,,,43,90,10.1039/b505204e,43
O=S(NCC1=CC=CC=C1)(C2=CC=C([N+]([O-])=O)C=C2)=O,O=C(OC/C=C/CCC1=CC=CC=C1)OC,,CC(C1=C(OC)C=CC=C1)N(C(C)C2=CC=CC=C2OC)P3OC4=C(C5=C(C=CC=C6)C6=CC=C5O3)C7=CC=CC=C7C=C4,1,CCN(CC)CC,,75,88,10.1039/b505205e,75
O=S(NCC1=CC=CC=C1)(C2=CC=C([N+]([O-])=O)C=C2)=O,O=C(OC/C=C/CCC1=CC=CC=C1)OC,,CC(C1=C(OC)C=CC=C1)N(C(C)C2=CC=CC=C2OC)P3OC4=C(C5=C(C=CC=C6)C6=CC=C5O3)C7=CC=CC=C7C=C4,1,,,74,84,10.1039/b505206e,74
O=S(NCC=C)(C1=CC=C([N+]([O-])=O)C=C1)=O,O=C(OC/C=C/C1=CC=CC=C1)OC,,CC(C1=C(OC)C=CC=C1)N(C(C)C2=CC=CC=C2OC)P3OC4=C(C5=C(C=CC=C6)C6=CC=C5O3)C7=CC=CC=C7C=C4,1,CCN(CC)CC,,81,88,10.1039/b505207e,81
O=S(NCC=C)(C1=CC=C([N+]([O-])=O)C=C1)=O,O=C(OC/C=C/C1=CC=CC=C1)OC,,CC(C1=C(OC)C=CC=C1)N(C(C)C2=CC=CC=C2OC)P3OC4=C(C5=C(C=CC=C6)C6=CC=C5O3)C7=CC=CC=C7C=C4,1,,,65,90,10.1039/b505208e,65
O=S(NCC=C)(C1=CC=C([N+]([O-])=O)C=C1)=O,O=C(OC/C=C/C1=CN=CC=C1)OC,,CC(C1=C(OC)C=CC=C1)N(C(C)C2=CC=CC=C2OC)P3OC4=C(C5=C(C=CC=C6)C6=CC=C5O3)C7=CC=CC=C7C=C4,1,CCN(CC)CC,,75,91,10.1039/b505209e,75
O=S(NCC=C)(C1=CC=C([N+]([O-])=O)C=C1)=O,O=C(OC/C=C/C1=CN=CC=C1)OC,,CC(C1=C(OC)C=CC=C1)N(C(C)C2=CC=CC=C2OC)P3OC4=C(C5=C(C=CC=C6)C6=CC=C5O3)C7=CC=CC=C7C=C4,1,,,80,93,10.1039/b505210e,80
O=S(NCCC=C)(C1=CC=C([N+]([O-])=O)C=C1)=O,O=C(OC/C=C/C1=CC=CC=C1)OC,,CC(C1=C(OC)C=CC=C1)N(C(C)C2=CC=CC=C2OC)P3OC4=C(C5=C(C=CC=C6)C6=CC=C5O3)C7=CC=CC=C7C=C4,1,CCN(CC)CC,,76,97,10.1039/b505211e,76
O=S(NCCC=C)(C1=CC=C([N+]([O-])=O)C=C1)=O,O=C(OC/C=C/C1=CC=CC=C1)OC,,CC(C1=C(OC)C=CC=C1)N(C(C)C2=CC=CC=C2OC)P3OC4=C(C5=C(C=CC=C6)C6=CC=C5O3)C7=CC=CC=C7C=C4,1,,,76,90,10.1039/b505212e,76
O=S(NCCC=C)(C1=CC=C([N+]([O-])=O)C=C1)=O,O=C(OC/C=C/C1=CN=CC=C1)OC,,CC(C1=C(OC)C=CC=C1)N(C(C)C2=CC=CC=C2OC)P3OC4=C(C5=C(C=CC=C6)C6=CC=C5O3)C7=CC=CC=C7C=C4,1,CCN(CC)CC,,54,97,10.1039/b505213e,54
O=S(NCCC=C)(C1=CC=C([N+]([O-])=O)C=C1)=O,O=C(OC/C=C/C1=CN=CC=C1)OC,,CC(C1=C(OC)C=CC=C1)N(C(C)C2=CC=CC=C2OC)P3OC4=C(C5=C(C=CC=C6)C6=CC=C5O3)C7=CC=CC=C7C=C4,1,,,55,95,10.1039/b505214e,55
c1ccc2c(c1)CCN2,COC(=O)OC/C=C/c1ccccc1,DABCO,CC(C1=CC=CC=C1)N(C(C)C2=CC=CC=C2)P3OC4=C(C5=C(C=CC=C6)C6=CC=C5O3)C7=CC=CC=C7C=C4,0,,,90,95,10.1002/anie.200460276,90
c1ccc2c(c1)CCN2,COC(=O)OC/C=C/c1ccccc1,,CC(C1=CC=CC=C1)N(C(C)C2=CC=CC=C2)P3OC4=C(C5=C(C=CC=C6)C6=CC=C5O3)C7=CC=CC=C7C=C4,1,,,82,95,10.1021/acs.organomet.6b00339,82
c1ccc2c(c1)CCN2,COC(=O)OC/C=C/c1ccccc1OC,,CC(C1=CC=CC=C1)N(C(C)C2=CC=CC=C2)P3OC4=C(C5=C(C=CC=C6)C6=CC=C5O3)C7=CC=CC=C7C=C4,1,,,82,60,10.1021/acs.organomet.6b00339,82
c1ccc2c(c1)CCN2,COC(=O)OC/C=C/c1ccccc1C,,CC(C1=CC=CC=C1)N(C(C)C2=CC=CC=C2)P3OC4=C(C5=C(C=CC=C6)C6=CC=C5O3)C7=CC=CC=C7C=C4,1,,,58,39,10.1021/acs.organomet.6b00339,58
c1ccc2c(c1)CCN2,COC(=O)OC/C=C/c1ccccc1Cl,,CC(C1=CC=CC=C1)N(C(C)C2=CC=CC=C2)P3OC4=C(C5=C(C=CC=C6)C6=CC=C5O3)C7=CC=CC=C7C=C4,1,,,66,16,10.1021/acs.organomet.6b00339,66
c1ccc2c(c1)CCN2,COC(=O)OC/C=C/c1ccccc1Br,,CC(C1=CC=CC=C1)N(C(C)C2=CC=CC=C2)P3OC4=C(C5=C(C=CC=C6)C6=CC=C5O3)C7=CC=CC=C7C=C4,1,,,57,8,10.1021/acs.organomet.6b00339,57
c1ccc2c(c1)CCCN2,COC(=O)OC/C=C/c1ccccc1,DABCO,CC(C1=CC=CC=C1)N(C(C)C2=CC=CC=C2)P3OC4=C(C5=C(C=CC=C6)C6=CC=C5O3)C7=CC=CC=C7C=C4,0,,,89,96,10.1002/anie.200460276,89
C1CCNCC1,COC(=O)OC/C=C/c1ccccc1,,CC(C1=CC=CC=C1)N(C(C)C2=CC=CC=C2)P3OC4=C(C5=C(C=CC=C6)C6=CC=C5O3)C7=CC=CC=C7C=C4,0,,,91,96,10.1021/ja028614m,91
C1COCCN1,COC(=O)OC/C=C/c1ccccc1,,CC(C1=CC=CC=C1)N(C(C)C2=CC=CC=C2)P3OC4=C(C5=C(C=CC=C6)C6=CC=C5O3)C7=CC=CC=C7C=C4,0,,,92,97,10.1021/ja028614m,92
CCNCC,COC(=O)OC/C=C/c1ccccc1,,CC(C1=CC=CC=C1)N(C(C)C2=CC=CC=C2)P3OC4=C(C5=C(C=CC=C6)C6=CC=C5O3)C7=CC=CC=C7C=C4,0,,,83,97,10.1021/ja028614m,83
C1CCNC1,COC(=O)OC/C=C/c1ccccc1,,CC(C1=CC=CC=C1)N(C(C)C2=CC=CC=C2)P3OC4=C(C5=C(C=CC=C6)C6=CC=C5O3)C7=CC=CC=C7C=C4,0,,,75,97,10.1021/ja028614m,75
C1COCCN1,CC(=O)OC/C=C/c1ccccc1,,CC(C1=CC=CC=C1)N(C(C)C2=CC=CC=C2)P3OC4=C(C5=C(C=CC=C6)C6=CC=C5O3)C7=CC=CC=C7C=C4,0,,,87,96,10.1021/ja028614m,87
